{
  "users": [
    {
      "email": "n@gmail.com",
      "name": "dnd",
      "password": "scrypt:32768:8:1$NsUFYXNelCDazm2V$313b28f0e5e83b6e150be66d47d5c317ec5d0f75d671642406c4cd78d3449e11dcb6b9221e04ac20e92c1d6256fea19cf6251c7425e5a17f18bcf061307ab5fe",
      "created_at": 1760379477.986176
    },
    {
      "email": "admin@grab.com",
      "name": "Admin",
      "password": "admin123",
      "created_at": 1760379477.0
    },
    {
      "email": "s@gmail.com",
      "name": "باپو جی",
      "password": "scrypt:32768:8:1$MWZqQUeLTEleO1Of$54e781a8b14975f1bbdb1fd7ddf79245b03ac37b755d7e537d370b3ac00ccc81856e4fc5ee9958abee48650ab2a595719fc2d9a766d14790b04b02b15b3d0e25",
      "created_at": 1761923509.2335231
    },
    {
      "email": "j@gmail.com",
      "name": "nitin",
      "password": "scrypt:32768:8:1$1l8DZWyDMDF1LNMF$1d8caff042e88ec97298c599085ed1aa6b0b8b573087fbda3ad208038f0e8e7e5361a7ca9c6ba08e68062ac1d33207ec274e982f3c5c7c4e4708d8f42cd92e6e",
      "created_at": 1762058890.8362148
    }
  ],
  "bookings": [
    {
      "id": "BK1761406299500",
      "email": null,
      "category": "Train",
      "item": {
        "title": "Train Ticket",
        "from": "Mumbai",
        "to": "Delhi"
      },
      "time": null,
      "seats": [],
      "class": "SL",
      "amount": 250,
      "created_at": "2025-10-25 21:01:39"
    },
    {
      "id": "BK1761407950601",
      "email": null,
      "category": null,
      "item": null,
      "time": null,
      "seats": [],
      "class": null,
      "amount": 2500,
      "created_at": "2025-10-25 21:29:10"
    },
    {
      "id": "BK1761666891538",
      "email": null,
      "category": null,
      "item": null,
      "time": "10:00",
      "seats": [],
      "class": null,
      "amount": 375,
      "created_at": "2025-10-28 21:24:51"
    },
    {
      "id": "BK1761923035355",
      "email": null,
      "category": "movies",
      "item": {
        "title": "Skyline: The Heist"
      },
      "time": "2025-10-31 11:00",
      "seats": [
        "Auto-1"
      ],
      "class": null,
      "amount": 150,
      "created_at": "2025-10-31 20:33:55"
    },
    {
      "id": "BK1761923867274",
      "email": "s@gmail.com",
      "category": "trains",
      "item": {
        "title": "Express 101"
      },
      "time": "2025-10-31",
      "seats": [
        "B12",
        "B13",
        "C11",
        "B21",
        "B11",
        "B22",
        "B23",
        "C21"
      ],
      "class": "SL",
      "amount": 2800,
      "created_at": "2025-10-31 20:47:47"
    },
    {
      "id": "BK1762059228263",
      "email": "j@gmail.com",
      "category": "concerts",
      "item": {
        "title": "Indie Nights"
      },
      "time": "2025-11-13",
      "seats": [
        "GA-1"
      ],
      "class": null,
      "amount": 500,
      "created_at": "2025-11-02 10:23:48"
    },
    {
      "id": "BK1762072334613",
      "email": "j@gmail.com",
      "category": "Bus",
      "item": {
        "title": "Hyderabad → Bangalore"
      },
      "time": "08:00 AM",
      "seats": [
        "2B"
      ],
      "class": "",
      "amount": 450,
      "created_at": "2025-11-02 14:02:14"
    },
    {
      "id": "BK1762072392686",
      "email": "j@gmail.com",
      "category": "Bus",
      "item": {
        "title": "Hyderabad → Bangalore"
      },
      "time": "08:00 AM",
      "seats": [
        "6A"
      ],
      "class": "",
      "amount": 450,
      "created_at": "2025-11-02 14:03:12"
    },
    {
      "id": "BK1762081314532",
      "email": "a@gmail.com",
      "category": "flights",
      "item": {
        "title": "IndiGo 6E 501",
        "route": "Hyderabad → Delhi"
      },
      "time": "2025-11-04",
      "seats": [
        "Auto-1"
      ],
      "class": null,
      "amount": 2500,
      "created_at": "2025-11-02 16:31:54"
    },
    {
      "id": "BK1762083038532",
      "email": "a@gmail.com",
      "category": "flights",
      "item": {
        "title": "IndiGo 6E 501",
        "route": "Hyderabad → Delhi"
      },
      "time": "2025-11-26",
      "seats": [
        "Auto-1"
      ],
      "class": null,
      "amount": 2500,
      "created_at": "2025-11-02 17:00:38"
    },
    {
      "id": "BK1762083656876",
      "email": "a@gmail.com",
      "category": "flights",
      "item": "Air India AI-407",
      "time": null,
      "seats": [
        "1E",
        "1B",
        "1A",
        "1C",
        "1D"
      ],
      "class": null,
      "amount": 22500,
      "created_at": "2025-11-02 17:10:56"
    },
    {
      "id": "BK1762083845112",
      "email": "a@gmail.com",
      "category": "flights",
      "item": "SpiceJet SG-211",
      "time": null,
      "seats": [
        "1A"
      ],
      "class": null,
      "amount": 2700,
      "created_at": "2025-11-02 17:14:05"
    },
    {
      "id": "BK1762086464300",
      "email": "guest@demo.com",
      "category": "flights",
      "item": "IndiGo 6E-520",
      "time": null,
      "seats": [
        "1A",
        "1B"
      ],
      "class": null,
      "amount": 6400,
      "created_at": "2025-11-02 17:57:44"
    },
    {
      "id": "BK1762087099580",
      "email": "guest@demo.com",
      "category": "flights",
      "item": "Vistara UK-810",
      "time": null,
      "seats": [
        "1A",
        "1B",
        "1C",
        "1E",
        "1D"
      ],
      "class": null,
      "amount": 19000,
      "created_at": "2025-11-02 18:08:19"
    },
    {
      "id": "BK1762087349355",
      "email": "guest@demo.com",
      "category": "flights",
      "item": "Air India AI-407",
      "time": null,
      "seats": [
        "1A",
        "1B",
        "1C"
      ],
      "class": null,
      "amount": 13500,
      "created_at": "2025-11-02 18:12:29"
    }
  ],
  "movies": [
    {
      "id": 1,
      "title": "Skyline: The Heist",
      "poster": "/static/images/movie1.svg",
      "price": 150,
      "times": [
        "11:00",
        "14:00",
        "18:00",
        "21:00"
      ],
      "times_available": {
        "11:00": 50,
        "14:00": 50,
        "18:00": 50,
        "21:00": 50
      }
    },
    {
      "id": 2,
      "title": "Moonlight Sonata",
      "poster": "/static/images/movie2.svg",
      "price": 130,
      "times": [
        "11:00",
        "14:00",
        "18:00",
        "21:00"
      ],
      "times_available": {
        "11:00": 30,
        "14:00": 30,
        "18:00": 30,
        "21:00": 30
      }
    },
    {
      "id": 3,
      "title": "The Last Sunset",
      "poster": "/static/images/movie3.svg",
      "price": 120,
      "times": [
        "11:00",
        "14:00",
        "18:00",
        "21:00"
      ],
      "times_available": {
        "11:00": 30,
        "14:00": 30,
        "18:00": 30,
        "21:00": 30
      }
    }
  ],
  "concerts": [
    {
      "id": 1,
      "title": "Indie Nights",
      "venue": "City Arena",
      "price": 500,
      "poster": "/static/images/concert1.svg",
      "available": 199
    },
    {
      "id": 2,
      "title": "Rock Carnival",
      "venue": "Open Grounds",
      "price": 800,
      "poster": "/static/images/concert2.svg",
      "available": 150
    }
  ],
  "trains": [
    {
      "id": 1,
      "title": "Express 101",
      "from": "Hyderabad",
      "to": "Vijayawada",
      "departure": "08:00",
      "price": 350,
      "emoji": "🚆",
      "available": 192
    },
    {
      "id": 2,
      "title": "Coastal Queen",
      "from": "Visakhapatnam",
      "to": "Chennai",
      "departure": "13:30",
      "price": 450,
      "emoji": "🚆",
      "available": 180
    }
  ],
  "buses": [
    {
      "id": 1,
      "title": "RedBus AC Sleeper",
      "from": "Hyderabad",
      "to": "Bengaluru",
      "departure": "22:00",
      "price": 999,
      "emoji": "🚌",
      "available": 50
    },
    {
      "id": 2,
      "title": "InterCity Volvo",
      "from": "Hyderabad",
      "to": "Pune",
      "departure": "18:00",
      "price": 799,
      "emoji": "🚌",
      "available": 40
    }
  ],
  "flights": [
    {
      "id": 1,
      "title": "Airline A101",
      "from": "Hyderabad",
      "to": "Mumbai",
      "departure": "06:00",
      "classes": {
        "economy": 2500,
        "business": 7000
      },
      "emoji": "✈️",
      "available": 118
    },
    {
      "id": 2,
      "title": "Airline B202",
      "from": "Hyderabad",
      "to": "Delhi",
      "departure": "12:30",
      "classes": {
        "economy": 3000,
        "business": 8000
      },
      "emoji": "✈️",
      "available": 100
    }
  ],
  "cars": [
    {
      "id": 1,
      "title": "Ola Sedan",
      "from": "Hyderabad",
      "price_per_km": 15,
      "emoji": "🚗",
      "available": 20
    },
    {
      "id": 2,
      "title": "Ola Mini",
      "from": "Hyderabad",
      "price_per_km": 10,
      "emoji": "🚗",
      "available": 30
    }
  ]
}